{"plots": {
    "K-1": {"y": [0.0, 0.07, 0.17, 0.18, 0.34, 0.51, 0.55, 0.67, 0.82], "x": [0.1, 0.2, 0.30000000000000004, 0.4, 0.5, 0.6, 0.7000000000000001, 0.8, 0.9]},
    "K-2": {"y": [0.01, 0.04, 0.07, 0.14, 0.24, 0.36, 0.39, 0.58, 0.79], "x": [0.1, 0.2, 0.30000000000000004, 0.4, 0.5, 0.6, 0.7000000000000001, 0.8, 0.9]},
    "K-3": {"y": [0.0, 0.02, 0.06, 0.09, 0.17, 0.41, 0.45, 0.54, 0.73], "x": [0.1, 0.2, 0.30000000000000004, 0.4, 0.5, 0.6, 0.7000000000000001, 0.8, 0.9]},
    "K-4": {"y": [0.0, 0.03, 0.02, 0.15, 0.1, 0.2, 0.29, 0.52, 0.68], "x": [0.1, 0.2, 0.30000000000000004, 0.4, 0.5, 0.6, 0.7000000000000001, 0.8, 0.9]},
    "K-5": {"y": [0.0, 0.01, 0.03, 0.01, 0.16, 0.22, 0.33, 0.38, 0.7], "x": [0.1, 0.2, 0.30000000000000004, 0.4, 0.5, 0.6, 0.7000000000000001, 0.8, 0.9]},
    "K-6": {"y": [0.0, 0.0, 0.01, 0.01, 0.11, 0.12, 0.26, 0.42, 0.66], "x": [0.1, 0.2, 0.30000000000000004, 0.4, 0.5, 0.6, 0.7000000000000001, 0.8, 0.9]},
    "K-7": {"y": [0.0, 0.0, 0.01, 0.02, 0.03, 0.14, 0.18, 0.4, 0.59], "x": [0.1, 0.2, 0.30000000000000004, 0.4, 0.5, 0.6, 0.7000000000000001, 0.8, 0.9]},
    "K-8": {"y": [0.0, 0.0, 0.01, 0.0, 0.04, 0.08, 0.18, 0.3, 0.61], "x": [0.1, 0.2, 0.30000000000000004, 0.4, 0.5, 0.6, 0.7000000000000001, 0.8, 0.9]},
    "K-9": {"y": [0.0, 0.0, 0.01, 0.01, 0.01, 0.06, 0.11, 0.25, 0.49], "x": [0.1, 0.2, 0.30000000000000004, 0.4, 0.5, 0.6, 0.7000000000000001, 0.8, 0.9]},
    "K-10": {"y": [0.0, 0.0, 0.0, 0.01, 0.03, 0.04, 0.09, 0.24, 0.48], "x": [0.1, 0.2, 0.30000000000000004, 0.4, 0.5, 0.6, 0.7000000000000001, 0.8, 0.9]}},
    "y-axis": "Liklihood of data loss", "x-axis": "Percentage of nodes removed", "title": "Overlay Chord K Nearest failure Likelihood", "target":"overlay_chord_nearest.png"}
