{"title": "Overlay Failure Likelihood", "y-axis": "Liklihood of data loss", "plots": {"Chord Nearest K-10 Loss Chance": {"x": [0.1, 0.2, 0.30000000000000004, 0.4, 0.5, 0.6, 0.7000000000000001, 0.8, 0.9], "y": [1.0, 1.0, 1.0, 1.0, 1.0, 1.0, 1.0, 1.0, 0.0]}, "Chord Nearest K-5 Loss Chance": {"x": [0.1, 0.2, 0.30000000000000004, 0.4, 0.5, 0.6, 0.7000000000000001, 0.8, 0.9], "y": [1.0, 1.0, 1.0, 1.0, 1.0, 1.0, 0.0, 1.0, 1.0]}, "Chord Random K-7 Loss Chance": {"x": [0.1, 0.2, 0.30000000000000004, 0.4, 0.5, 0.6, 0.7000000000000001, 0.8, 0.9], "y": [1.0, 1.0, 1.0, 1.0, 1.0, 1.0, 1.0, 1.0, 0.0]}, "Kademlia Random K-8 Loss Chance": {"x": [0.1, 0.2, 0.30000000000000004, 0.4, 0.5, 0.6, 0.7000000000000001, 0.8, 0.9], "y": [1.0, 1.0, 1.0, 1.0, 1.0, 1.0, 1.0, 1.0, 1.0]}, "Kademlia Random K-2 Loss Chance": {"x": [0.1, 0.2, 0.30000000000000004, 0.4, 0.5, 0.6, 0.7000000000000001, 0.8, 0.9], "y": [1.0, 0.0, 1.0, 0.0, 1.0, 1.0, 1.0, 0.0, 0.0]}, "Kademlia Random K-7 Loss Chance": {"x": [0.1, 0.2, 0.30000000000000004, 0.4, 0.5, 0.6, 0.7000000000000001, 0.8, 0.9], "y": [1.0, 1.0, 1.0, 1.0, 1.0, 1.0, 0.0, 1.0, 1.0]}, "Kademlia Nearest K-7 Loss Chance": {"x": [0.1, 0.2, 0.30000000000000004, 0.4, 0.5, 0.6, 0.7000000000000001, 0.8, 0.9], "y": [1.0, 1.0, 1.0, 1.0, 1.0, 1.0, 1.0, 1.0, 0.0]}, "Kademlia Nearest K-6 Loss Chance": {"x": [0.1, 0.2, 0.30000000000000004, 0.4, 0.5, 0.6, 0.7000000000000001, 0.8, 0.9], "y": [1.0, 1.0, 1.0, 1.0, 1.0, 1.0, 0.0, 0.0, 0.0]}, "Chord Nearest K-4 Loss Chance": {"x": [0.1, 0.2, 0.30000000000000004, 0.4, 0.5, 0.6, 0.7000000000000001, 0.8, 0.9], "y": [1.0, 1.0, 1.0, 1.0, 1.0, 1.0, 1.0, 0.0, 0.0]}, "Chord Random K-3 Loss Chance": {"x": [0.1, 0.2, 0.30000000000000004, 0.4, 0.5, 0.6, 0.7000000000000001, 0.8, 0.9], "y": [1.0, 1.0, 1.0, 1.0, 0.0, 1.0, 1.0, 0.0, 0.0]}, "Chord Random K-5 Loss Chance": {"x": [0.1, 0.2, 0.30000000000000004, 0.4, 0.5, 0.6, 0.7000000000000001, 0.8, 0.9], "y": [1.0, 1.0, 1.0, 1.0, 1.0, 1.0, 1.0, 1.0, 0.0]}, "Kademlia Nearest K-2 Loss Chance": {"x": [0.1, 0.2, 0.30000000000000004, 0.4, 0.5, 0.6, 0.7000000000000001, 0.8, 0.9], "y": [1.0, 1.0, 1.0, 1.0, 1.0, 1.0, 1.0, 0.0, 0.0]}, "Kademlia Random K-9 Loss Chance": {"x": [0.1, 0.2, 0.30000000000000004, 0.4, 0.5, 0.6, 0.7000000000000001, 0.8, 0.9], "y": [1.0, 1.0, 1.0, 1.0, 1.0, 1.0, 1.0, 1.0, 1.0]}, "Chord Nearest K-9 Loss Chance": {"x": [0.1, 0.2, 0.30000000000000004, 0.4, 0.5, 0.6, 0.7000000000000001, 0.8, 0.9], "y": [1.0, 1.0, 1.0, 1.0, 1.0, 1.0, 1.0, 1.0, 1.0]}, "Chord Random K-9 Loss Chance": {"x": [0.1, 0.2, 0.30000000000000004, 0.4, 0.5, 0.6, 0.7000000000000001, 0.8, 0.9], "y": [1.0, 1.0, 1.0, 1.0, 1.0, 1.0, 1.0, 1.0, 1.0]}, "Chord Random K-6 Loss Chance": {"x": [0.1, 0.2, 0.30000000000000004, 0.4, 0.5, 0.6, 0.7000000000000001, 0.8, 0.9], "y": [1.0, 1.0, 1.0, 1.0, 1.0, 1.0, 1.0, 1.0, 0.0]}, "Chord Nearest K-3 Loss Chance": {"x": [0.1, 0.2, 0.30000000000000004, 0.4, 0.5, 0.6, 0.7000000000000001, 0.8, 0.9], "y": [1.0, 1.0, 1.0, 1.0, 1.0, 0.0, 1.0, 0.0, 1.0]}, "Kademlia Nearest K-1 Loss Chance": {"x": [0.1, 0.2, 0.30000000000000004, 0.4, 0.5, 0.6, 0.7000000000000001, 0.8, 0.9], "y": [1.0, 1.0, 1.0, 1.0, 0.0, 1.0, 0.0, 0.0, 0.0]}, "Kademlia Random K-4 Loss Chance": {"x": [0.1, 0.2, 0.30000000000000004, 0.4, 0.5, 0.6, 0.7000000000000001, 0.8, 0.9], "y": [1.0, 1.0, 1.0, 1.0, 1.0, 1.0, 1.0, 0.0, 1.0]}, "Chord Nearest K-2 Loss Chance": {"x": [0.1, 0.2, 0.30000000000000004, 0.4, 0.5, 0.6, 0.7000000000000001, 0.8, 0.9], "y": [1.0, 1.0, 0.0, 1.0, 1.0, 0.0, 1.0, 0.0, 0.0]}, "Chord Nearest K-7 Loss Chance": {"x": [0.1, 0.2, 0.30000000000000004, 0.4, 0.5, 0.6, 0.7000000000000001, 0.8, 0.9], "y": [1.0, 1.0, 1.0, 1.0, 1.0, 1.0, 0.0, 1.0, 1.0]}, "Kademlia Nearest K-3 Loss Chance": {"x": [0.1, 0.2, 0.30000000000000004, 0.4, 0.5, 0.6, 0.7000000000000001, 0.8, 0.9], "y": [1.0, 1.0, 1.0, 1.0, 1.0, 1.0, 0.0, 1.0, 0.0]}, "Chord Nearest K-6 Loss Chance": {"x": [0.1, 0.2, 0.30000000000000004, 0.4, 0.5, 0.6, 0.7000000000000001, 0.8, 0.9], "y": [1.0, 1.0, 1.0, 1.0, 1.0, 0.0, 0.0, 0.0, 0.0]}, "Chord Nearest K-1 Loss Chance": {"x": [0.1, 0.2, 0.30000000000000004, 0.4, 0.5, 0.6, 0.7000000000000001, 0.8, 0.9], "y": [1.0, 1.0, 1.0, 1.0, 1.0, 1.0, 0.0, 0.0, 0.0]}, "Chord Random K-1 Loss Chance": {"x": [0.1, 0.2, 0.30000000000000004, 0.4, 0.5, 0.6, 0.7000000000000001, 0.8, 0.9], "y": [1.0, 1.0, 1.0, 0.0, 1.0, 0.0, 0.0, 1.0, 0.0]}, "Kademlia Nearest K-4 Loss Chance": {"x": [0.1, 0.2, 0.30000000000000004, 0.4, 0.5, 0.6, 0.7000000000000001, 0.8, 0.9], "y": [1.0, 1.0, 1.0, 1.0, 1.0, 1.0, 1.0, 1.0, 1.0]}, "Kademlia Nearest K-8 Loss Chance": {"x": [0.1, 0.2, 0.30000000000000004, 0.4, 0.5, 0.6, 0.7000000000000001, 0.8, 0.9], "y": [1.0, 1.0, 1.0, 1.0, 1.0, 1.0, 1.0, 1.0, 0.0]}, "Chord Random K-4 Loss Chance": {"x": [0.1, 0.2, 0.30000000000000004, 0.4, 0.5, 0.6, 0.7000000000000001, 0.8, 0.9], "y": [1.0, 1.0, 1.0, 1.0, 1.0, 1.0, 1.0, 1.0, 0.0]}, "Kademlia Nearest K-9 Loss Chance": {"x": [0.1, 0.2, 0.30000000000000004, 0.4, 0.5, 0.6, 0.7000000000000001, 0.8, 0.9], "y": [1.0, 1.0, 1.0, 1.0, 1.0, 1.0, 1.0, 0.0, 1.0]}, "Kademlia Nearest K-5 Loss Chance": {"x": [0.1, 0.2, 0.30000000000000004, 0.4, 0.5, 0.6, 0.7000000000000001, 0.8, 0.9], "y": [1.0, 1.0, 1.0, 1.0, 1.0, 0.0, 1.0, 1.0, 0.0]}, "Chord Nearest K-8 Loss Chance": {"x": [0.1, 0.2, 0.30000000000000004, 0.4, 0.5, 0.6, 0.7000000000000001, 0.8, 0.9], "y": [1.0, 1.0, 1.0, 1.0, 1.0, 1.0, 1.0, 1.0, 1.0]}, "Kademlia Random K-3 Loss Chance": {"x": [0.1, 0.2, 0.30000000000000004, 0.4, 0.5, 0.6, 0.7000000000000001, 0.8, 0.9], "y": [1.0, 1.0, 1.0, 1.0, 1.0, 0.0, 0.0, 1.0, 1.0]}, "Kademlia Random K-10 Loss Chance": {"x": [0.1, 0.2, 0.30000000000000004, 0.4, 0.5, 0.6, 0.7000000000000001, 0.8, 0.9], "y": [1.0, 1.0, 1.0, 1.0, 1.0, 1.0, 0.0, 1.0, 0.0]}, "Kademlia Random K-5 Loss Chance": {"x": [0.1, 0.2, 0.30000000000000004, 0.4, 0.5, 0.6, 0.7000000000000001, 0.8, 0.9], "y": [1.0, 1.0, 1.0, 1.0, 1.0, 1.0, 1.0, 1.0, 0.0]}, "Chord Random K-10 Loss Chance": {"x": [0.1, 0.2, 0.30000000000000004, 0.4, 0.5, 0.6, 0.7000000000000001, 0.8, 0.9], "y": [1.0, 1.0, 1.0, 1.0, 1.0, 1.0, 1.0, 1.0, 1.0]}, "Chord Random K-8 Loss Chance": {"x": [0.1, 0.2, 0.30000000000000004, 0.4, 0.5, 0.6, 0.7000000000000001, 0.8, 0.9], "y": [1.0, 1.0, 1.0, 1.0, 1.0, 1.0, 1.0, 1.0, 0.0]}, "Kademlia Random K-6 Loss Chance": {"x": [0.1, 0.2, 0.30000000000000004, 0.4, 0.5, 0.6, 0.7000000000000001, 0.8, 0.9], "y": [1.0, 1.0, 1.0, 1.0, 1.0, 1.0, 1.0, 0.0, 0.0]}, "Kademlia Random K-1 Loss Chance": {"x": [0.1, 0.2, 0.30000000000000004, 0.4, 0.5, 0.6, 0.7000000000000001, 0.8, 0.9], "y": [1.0, 1.0, 1.0, 0.0, 0.0, 1.0, 0.0, 0.0, 0.0]}, "Kademlia Nearest K-10 Loss Chance": {"x": [0.1, 0.2, 0.30000000000000004, 0.4, 0.5, 0.6, 0.7000000000000001, 0.8, 0.9], "y": [1.0, 1.0, 1.0, 1.0, 1.0, 1.0, 1.0, 0.0, 1.0]}, "Chord Random K-2 Loss Chance": {"x": [0.1, 0.2, 0.30000000000000004, 0.4, 0.5, 0.6, 0.7000000000000001, 0.8, 0.9], "y": [1.0, 1.0, 1.0, 1.0, 1.0, 1.0, 0.0, 0.0, 0.0]}}, "x-axis": "Percentage of nodes removed"}