{"plots": {
  "K-3": {"y": [0.0, 0.0, 0.0, 0.04, 0.04, 0.18, 0.34, 0.42, 0.71], "x": [0.1, 0.2, 0.30000000000000004, 0.4, 0.5, 0.6, 0.7000000000000001, 0.8, 0.9]},
  "K-7": {"y": [0.0, 0.0, 0.0, 0.0, 0.01, 0.02, 0.04, 0.19, 0.52], "x": [0.1, 0.2, 0.30000000000000004, 0.4, 0.5, 0.6, 0.7000000000000001, 0.8, 0.9]},
  "K-9": {"y": [0.0, 0.0, 0.0, 0.0, 0.0, 0.03, 0.0, 0.1, 0.27], "x": [0.1, 0.2, 0.30000000000000004, 0.4, 0.5, 0.6, 0.7000000000000001, 0.8, 0.9]},
  "K-2": {"y": [0.0, 0.0, 0.05, 0.07, 0.11, 0.23, 0.38, 0.57, 0.76], "x": [0.1, 0.2, 0.30000000000000004, 0.4, 0.5, 0.6, 0.7000000000000001, 0.8, 0.9]},
  "K-4": {"y": [0.0, 0.0, 0.02, 0.01, 0.02, 0.06, 0.21, 0.32, 0.65], "x": [0.1, 0.2, 0.30000000000000004, 0.4, 0.5, 0.6, 0.7000000000000001, 0.8, 0.9]},
  "K-6": {"y": [0.0, 0.0, 0.0, 0.01, 0.01, 0.06, 0.13, 0.17, 0.46], "x": [0.1, 0.2, 0.30000000000000004, 0.4, 0.5, 0.6, 0.7000000000000001, 0.8, 0.9]},
  "K-8": {"y": [0.0, 0.0, 0.0, 0.0, 0.0, 0.01, 0.06, 0.08, 0.35], "x": [0.1, 0.2, 0.30000000000000004, 0.4, 0.5, 0.6, 0.7000000000000001, 0.8, 0.9]},
  "K-5": {"y": [0.0, 0.0, 0.0, 0.0, 0.01, 0.04, 0.14, 0.19, 0.54], "x": [0.1, 0.2, 0.30000000000000004, 0.4, 0.5, 0.6, 0.7000000000000001, 0.8, 0.9]},
  "K-10": {"x": [0.1, 0.2, 0.30000000000000004, 0.4, 0.5, 0.6, 0.7000000000000001, 0.8, 0.9], "y": [0.0, 0.0, 0.0, 0.0, 0.0, 0.0, 0.04, 0.04, 0.32]},
  "K-1": {"y": [0.01, 0.03, 0.04, 0.08, 0.19, 0.42, 0.52, 0.68, 0.86], "x": [0.1, 0.2, 0.30000000000000004, 0.4, 0.5, 0.6, 0.7000000000000001, 0.8, 0.9]}},

    "y-axis": "Liklihood of data loss", "x-axis": "Percentage of nodes removed", "title": "Overlay Chord Random-K Failure Likelihood","target":"overlay_chord_random.png"}
