{"plots": {"Chord Nearest K-8 Loss Chance": {"y": [0.0, 0.0, 0.01, 0.0, 0.04, 0.08, 0.18, 0.3, 0.61], "x": [0.1, 0.2, 0.30000000000000004, 0.4, 0.5, 0.6, 0.7000000000000001, 0.8, 0.9]}, "Chord Nearest K-7 Loss Chance": {"y": [0.0, 0.0, 0.01, 0.02, 0.03, 0.14, 0.18, 0.4, 0.59], "x": [0.1, 0.2, 0.30000000000000004, 0.4, 0.5, 0.6, 0.7000000000000001, 0.8, 0.9]}, "Kademlia Random K-5 Loss Chance": {"y": [0.0, 0.0, 0.01, 0.01, 0.09, 0.11, 0.17, 0.34, 0.64], "x": [0.1, 0.2, 0.30000000000000004, 0.4, 0.5, 0.6, 0.7000000000000001, 0.8, 0.9]}, "Chord Random K-1 Loss Chance": {"y": [0.09, 0.26, 0.29, 0.31, 0.51, 0.49, 0.62, 0.69, 0.94], "x": [0.1, 0.2, 0.30000000000000004, 0.4, 0.5, 0.6, 0.7000000000000001, 0.8, 0.9]}, "Chord Nearest K-6 Loss Chance": {"y": [0.0, 0.0, 0.01, 0.01, 0.11, 0.12, 0.26, 0.42, 0.66], "x": [0.1, 0.2, 0.30000000000000004, 0.4, 0.5, 0.6, 0.7000000000000001, 0.8, 0.9]}, "Chord Random K-4 Loss Chance": {"y": [0.0, 0.0, 0.0, 0.04, 0.04, 0.18, 0.34, 0.42, 0.71], "x": [0.1, 0.2, 0.30000000000000004, 0.4, 0.5, 0.6, 0.7000000000000001, 0.8, 0.9]}, "Kademlia Random K-4 Loss Chance": {"y": [0.0, 0.0, 0.01, 0.03, 0.07, 0.14, 0.16, 0.36, 0.69], "x": [0.1, 0.2, 0.30000000000000004, 0.4, 0.5, 0.6, 0.7000000000000001, 0.8, 0.9]}, "Kademlia Nearest K-1 Loss Chance": {"y": [0.02, 0.06, 0.15, 0.11, 0.25, 0.36, 0.53, 0.64, 0.87], "x": [0.1, 0.2, 0.30000000000000004, 0.4, 0.5, 0.6, 0.7000000000000001, 0.8, 0.9]}, "Chord Nearest K-1 Loss Chance": {"y": [0.0, 0.07, 0.17, 0.18, 0.34, 0.51, 0.55, 0.67, 0.82], "x": [0.1, 0.2, 0.30000000000000004, 0.4, 0.5, 0.6, 0.7000000000000001, 0.8, 0.9]}, "Chord Random K-8 Loss Chance": {"y": [0.0, 0.0, 0.0, 0.0, 0.01, 0.02, 0.04, 0.19, 0.52], "x": [0.1, 0.2, 0.30000000000000004, 0.4, 0.5, 0.6, 0.7000000000000001, 0.8, 0.9]}, "Chord Random K-10 Loss Chance": {"y": [0.0, 0.0, 0.0, 0.0, 0.0, 0.03, 0.0, 0.1, 0.27], "x": [0.1, 0.2, 0.30000000000000004, 0.4, 0.5, 0.6, 0.7000000000000001, 0.8, 0.9]}, "Kademlia Random K-2 Loss Chance": {"y": [0.04, 0.05, 0.11, 0.14, 0.25, 0.35, 0.53, 0.57, 0.84], "x": [0.1, 0.2, 0.30000000000000004, 0.4, 0.5, 0.6, 0.7000000000000001, 0.8, 0.9]}, "Kademlia Nearest K-9 Loss Chance": {"y": [0.0, 0.0, 0.0, 0.0, 0.01, 0.01, 0.13, 0.22, 0.35], "x": [0.1, 0.2, 0.30000000000000004, 0.4, 0.5, 0.6, 0.7000000000000001, 0.8, 0.9]}, "Kademlia Random K-10 Loss Chance": {"y": [0.0, 0.0, 0.0, 0.0, 0.0, 0.01, 0.04, 0.1, 0.36], "x": [0.1, 0.2, 0.30000000000000004, 0.4, 0.5, 0.6, 0.7000000000000001, 0.8, 0.9]}, "Kademlia Random K-3 Loss Chance": {"y": [0.0, 0.0, 0.02, 0.1, 0.13, 0.2, 0.38, 0.51, 0.75], "x": [0.1, 0.2, 0.30000000000000004, 0.4, 0.5, 0.6, 0.7000000000000001, 0.8, 0.9]}, "Kademlia Nearest K-7 Loss Chance": {"y": [0.0, 0.01, 0.0, 0.01, 0.0, 0.05, 0.12, 0.18, 0.4], "x": [0.1, 0.2, 0.30000000000000004, 0.4, 0.5, 0.6, 0.7000000000000001, 0.8, 0.9]}, "Kademlia Nearest K-2 Loss Chance": {"y": [0.0, 0.02, 0.04, 0.05, 0.16, 0.24, 0.39, 0.61, 0.78], "x": [0.1, 0.2, 0.30000000000000004, 0.4, 0.5, 0.6, 0.7000000000000001, 0.8, 0.9]}, "Kademlia Random K-6 Loss Chance": {"y": [0.0, 0.0, 0.0, 0.0, 0.04, 0.02, 0.06, 0.23, 0.55], "x": [0.1, 0.2, 0.30000000000000004, 0.4, 0.5, 0.6, 0.7000000000000001, 0.8, 0.9]}, "Chord Random K-3 Loss Chance": {"y": [0.0, 0.0, 0.05, 0.07, 0.11, 0.23, 0.38, 0.57, 0.76], "x": [0.1, 0.2, 0.30000000000000004, 0.4, 0.5, 0.6, 0.7000000000000001, 0.8, 0.9]}, "Chord Random K-5 Loss Chance": {"y": [0.0, 0.0, 0.02, 0.01, 0.02, 0.06, 0.21, 0.32, 0.65], "x": [0.1, 0.2, 0.30000000000000004, 0.4, 0.5, 0.6, 0.7000000000000001, 0.8, 0.9]}, "Kademlia Random K-9 Loss Chance": {"y": [0.0, 0.0, 0.0, 0.0, 0.01, 0.0, 0.06, 0.08, 0.36], "x": [0.1, 0.2, 0.30000000000000004, 0.4, 0.5, 0.6, 0.7000000000000001, 0.8, 0.9]}, "Chord Nearest K-4 Loss Chance": {"y": [0.0, 0.03, 0.02, 0.15, 0.1, 0.2, 0.29, 0.52, 0.68], "x": [0.1, 0.2, 0.30000000000000004, 0.4, 0.5, 0.6, 0.7000000000000001, 0.8, 0.9]}, "Kademlia Nearest K-4 Loss Chance": {"y": [0.0, 0.0, 0.0, 0.02, 0.03, 0.09, 0.27, 0.32, 0.63], "x": [0.1, 0.2, 0.30000000000000004, 0.4, 0.5, 0.6, 0.7000000000000001, 0.8, 0.9]}, "Kademlia Random K-8 Loss Chance": {"y": [0.0, 0.0, 0.0, 0.0, 0.02, 0.01, 0.05, 0.2, 0.32], "x": [0.1, 0.2, 0.30000000000000004, 0.4, 0.5, 0.6, 0.7000000000000001, 0.8, 0.9]}, "Chord Nearest K-5 Loss Chance": {"y": [0.0, 0.01, 0.03, 0.01, 0.16, 0.22, 0.33, 0.38, 0.7], "x": [0.1, 0.2, 0.30000000000000004, 0.4, 0.5, 0.6, 0.7000000000000001, 0.8, 0.9]}, "Chord Nearest K-2 Loss Chance": {"y": [0.01, 0.04, 0.07, 0.14, 0.24, 0.36, 0.39, 0.58, 0.79], "x": [0.1, 0.2, 0.30000000000000004, 0.4, 0.5, 0.6, 0.7000000000000001, 0.8, 0.9]}, "Chord Nearest K-3 Loss Chance": {"y": [0.0, 0.02, 0.06, 0.09, 0.17, 0.41, 0.45, 0.54, 0.73], "x": [0.1, 0.2, 0.30000000000000004, 0.4, 0.5, 0.6, 0.7000000000000001, 0.8, 0.9]}, "Chord Random K-7 Loss Chance": {"y": [0.0, 0.0, 0.0, 0.01, 0.01, 0.06, 0.13, 0.17, 0.46], "x": [0.1, 0.2, 0.30000000000000004, 0.4, 0.5, 0.6, 0.7000000000000001, 0.8, 0.9]}, "Chord Random K-9 Loss Chance": {"y": [0.0, 0.0, 0.0, 0.0, 0.0, 0.01, 0.06, 0.08, 0.35], "x": [0.1, 0.2, 0.30000000000000004, 0.4, 0.5, 0.6, 0.7000000000000001, 0.8, 0.9]}, "Chord Random K-6 Loss Chance": {"y": [0.0, 0.0, 0.0, 0.0, 0.01, 0.04, 0.14, 0.19, 0.54], "x": [0.1, 0.2, 0.30000000000000004, 0.4, 0.5, 0.6, 0.7000000000000001, 0.8, 0.9]}, "Kademlia Nearest K-8 Loss Chance": {"y": [0.0, 0.0, 0.0, 0.0, 0.01, 0.07, 0.15, 0.21, 0.5], "x": [0.1, 0.2, 0.30000000000000004, 0.4, 0.5, 0.6, 0.7000000000000001, 0.8, 0.9]}, "Kademlia Nearest K-3 Loss Chance": {"y": [0.0, 0.0, 0.0, 0.02, 0.05, 0.13, 0.33, 0.43, 0.62], "x": [0.1, 0.2, 0.30000000000000004, 0.4, 0.5, 0.6, 0.7000000000000001, 0.8, 0.9]}, "Kademlia Random K-7 Loss Chance": {"y": [0.0, 0.0, 0.0, 0.0, 0.01, 0.02, 0.04, 0.23, 0.41], "x": [0.1, 0.2, 0.30000000000000004, 0.4, 0.5, 0.6, 0.7000000000000001, 0.8, 0.9]}, "Chord Random K-2 Loss Chance": {"y": [0.01, 0.03, 0.04, 0.08, 0.19, 0.42, 0.52, 0.68, 0.86], "x": [0.1, 0.2, 0.30000000000000004, 0.4, 0.5, 0.6, 0.7000000000000001, 0.8, 0.9]}, "Kademlia Random K-1 Loss Chance": {"y": [0.04, 0.18, 0.27, 0.35, 0.61, 0.52, 0.68, 0.79, 0.9], "x": [0.1, 0.2, 0.30000000000000004, 0.4, 0.5, 0.6, 0.7000000000000001, 0.8, 0.9]}, "Kademlia Nearest K-5 Loss Chance": {"y": [0.0, 0.0, 0.0, 0.0, 0.08, 0.1, 0.33, 0.33, 0.57], "x": [0.1, 0.2, 0.30000000000000004, 0.4, 0.5, 0.6, 0.7000000000000001, 0.8, 0.9]}, "Chord Nearest K-10 Loss Chance": {"y": [0.0, 0.0, 0.0, 0.01, 0.03, 0.04, 0.09, 0.24, 0.48], "x": [0.1, 0.2, 0.30000000000000004, 0.4, 0.5, 0.6, 0.7000000000000001, 0.8, 0.9]}, "Chord Nearest K-9 Loss Chance": {"y": [0.0, 0.0, 0.01, 0.01, 0.01, 0.06, 0.11, 0.25, 0.49], "x": [0.1, 0.2, 0.30000000000000004, 0.4, 0.5, 0.6, 0.7000000000000001, 0.8, 0.9]}, "Kademlia Nearest K-6 Loss Chance": {"y": [0.0, 0.0, 0.0, 0.0, 0.03, 0.09, 0.28, 0.37, 0.51], "x": [0.1, 0.2, 0.30000000000000004, 0.4, 0.5, 0.6, 0.7000000000000001, 0.8, 0.9]}, "Kademlia Nearest K-10 Loss Chance": {"y": [0.0, 0.0, 0.0, 0.0, 0.0, 0.01, 0.08, 0.19, 0.37], "x": [0.1, 0.2, 0.30000000000000004, 0.4, 0.5, 0.6, 0.7000000000000001, 0.8, 0.9]}}, "y-axis": "Liklihood of data loss", "x-axis": "Percentage of nodes removed", "title": "Overlay Failure Likelihood"}