{"plots": {
  "K-5": {"y": [0.0, 0.0, 0.01, 0.01, 0.09, 0.11, 0.17, 0.34, 0.64], "x": [0.1, 0.2, 0.30000000000000004, 0.4, 0.5, 0.6, 0.7000000000000001, 0.8, 0.9]},
  "K-4": {"y": [0.0, 0.0, 0.01, 0.03, 0.07, 0.14, 0.16, 0.36, 0.69], "x": [0.1, 0.2, 0.30000000000000004, 0.4, 0.5, 0.6, 0.7000000000000001, 0.8, 0.9]},
  "K-2": {"y": [0.04, 0.05, 0.11, 0.14, 0.25, 0.35, 0.53, 0.57, 0.84], "x": [0.1, 0.2, 0.30000000000000004, 0.4, 0.5, 0.6, 0.7000000000000001, 0.8, 0.9]},
    "K-10": {"y": [0.0, 0.0, 0.0, 0.0, 0.0, 0.01, 0.04, 0.1, 0.36], "x": [0.1, 0.2, 0.30000000000000004, 0.4, 0.5, 0.6, 0.7000000000000001, 0.8, 0.9]},
    "K-3": {"y": [0.0, 0.0, 0.02, 0.1, 0.13, 0.2, 0.38, 0.51, 0.75], "x": [0.1, 0.2, 0.30000000000000004, 0.4, 0.5, 0.6, 0.7000000000000001, 0.8, 0.9]},
    "K-6": {"y": [0.0, 0.0, 0.0, 0.0, 0.04, 0.02, 0.06, 0.23, 0.55], "x": [0.1, 0.2, 0.30000000000000004, 0.4, 0.5, 0.6, 0.7000000000000001, 0.8, 0.9]},
    "K-9": {"y": [0.0, 0.0, 0.0, 0.0, 0.01, 0.0, 0.06, 0.08, 0.36], "x": [0.1, 0.2, 0.30000000000000004, 0.4, 0.5, 0.6, 0.7000000000000001, 0.8, 0.9]},
      "K-8": {"y": [0.0, 0.0, 0.0, 0.0, 0.02, 0.01, 0.05, 0.2, 0.32], "x": [0.1, 0.2, 0.30000000000000004, 0.4, 0.5, 0.6, 0.7000000000000001, 0.8, 0.9]},
      "K-7": {"y": [0.0, 0.0, 0.0, 0.0, 0.01, 0.02, 0.04, 0.23, 0.41], "x": [0.1, 0.2, 0.30000000000000004, 0.4, 0.5, 0.6, 0.7000000000000001, 0.8, 0.9]},
      "K-1": {"y": [0.04, 0.18, 0.27, 0.35, 0.61, 0.52, 0.68, 0.79, 0.9], "x": [0.1, 0.2, 0.30000000000000004, 0.4, 0.5, 0.6, 0.7000000000000001, 0.8, 0.9]}},
        "y-axis": "Liklihood of data loss", "x-axis": "Percentage of nodes removed", "title": "Overlay Kademlia Random-K Failure Likelihood",
        "target":"overlay_kad_random.png"}
