{"plots": {
  "K-1": {"y": [0.02, 0.06, 0.15, 0.11, 0.25, 0.36, 0.53, 0.64, 0.87], "x": [0.1, 0.2, 0.30000000000000004, 0.4, 0.5, 0.6, 0.7000000000000001, 0.8, 0.9]},
  "K-2": {"y": [0.0, 0.02, 0.04, 0.05, 0.16, 0.24, 0.39, 0.61, 0.78], "x": [0.1, 0.2, 0.30000000000000004, 0.4, 0.5, 0.6, 0.7000000000000001, 0.8, 0.9]},
  "K-3": {"y": [0.0, 0.0, 0.0, 0.02, 0.05, 0.13, 0.33, 0.43, 0.62], "x": [0.1, 0.2, 0.30000000000000004, 0.4, 0.5, 0.6, 0.7000000000000001, 0.8, 0.9]},
  "K-4": {"y": [0.0, 0.0, 0.0, 0.02, 0.03, 0.09, 0.27, 0.32, 0.63], "x": [0.1, 0.2, 0.30000000000000004, 0.4, 0.5, 0.6, 0.7000000000000001, 0.8, 0.9]},
  "K-5": {"y": [0.0, 0.0, 0.0, 0.0, 0.08, 0.1, 0.33, 0.33, 0.57], "x": [0.1, 0.2, 0.30000000000000004, 0.4, 0.5, 0.6, 0.7000000000000001, 0.8, 0.9]},
  "K-6": {"y": [0.0, 0.0, 0.0, 0.0, 0.03, 0.09, 0.28, 0.37, 0.51], "x": [0.1, 0.2, 0.30000000000000004, 0.4, 0.5, 0.6, 0.7000000000000001, 0.8, 0.9]},
  "K-7": {"y": [0.0, 0.01, 0.0, 0.01, 0.0, 0.05, 0.12, 0.18, 0.4], "x": [0.1, 0.2, 0.30000000000000004, 0.4, 0.5, 0.6, 0.7000000000000001, 0.8, 0.9]},
  "K-8": {"y": [0.0, 0.0, 0.0, 0.0, 0.01, 0.07, 0.15, 0.21, 0.5], "x": [0.1, 0.2, 0.30000000000000004, 0.4, 0.5, 0.6, 0.7000000000000001, 0.8, 0.9]},
  "K-9": {"y": [0.0, 0.0, 0.0, 0.0, 0.01, 0.01, 0.13, 0.22, 0.35], "x": [0.1, 0.2, 0.30000000000000004, 0.4, 0.5, 0.6, 0.7000000000000001, 0.8, 0.9]},
  "K-10": {"y": [0.0, 0.0, 0.0, 0.0, 0.0, 0.01, 0.08, 0.19, 0.37], "x": [0.1, 0.2, 0.30000000000000004, 0.4, 0.5, 0.6, 0.7000000000000001, 0.8, 0.9]}},
    "y-axis": "Liklihood of data loss", "x-axis": "Percentage of nodes removed", "title": "Overlay Kademlia K Nearest failure Likelihood","target":"overlay_kad_nearest.png"}
