{"plots": {

  "K-7": {"y": [0.0, 0.0, 0.0, 0.010000000000000009, 0.0, 0.010000000000000009, 0.06000000000000005, 0.18000000000000005, 0.5700000000000001], "x": [0.1, 0.2, 0.30000000000000004, 0.4, 0.5, 0.6, 0.7000000000000001, 0.8, 0.9]},
  "K-6": {"y": [0.0, 0.0, 0.0, 0.0, 0.020000000000000018, 0.050000000000000044, 0.10999999999999999, 0.26, 0.4], "x": [0.1, 0.2, 0.30000000000000004, 0.4, 0.5, 0.6, 0.7000000000000001, 0.8, 0.9]},
  "K-4": {"y": [0.0, 0.0, 0.0, 0.0, 0.010000000000000009, 0.08999999999999997, 0.19999999999999996, 0.32999999999999996, 0.65], "x": [0.1, 0.2, 0.30000000000000004, 0.4, 0.5, 0.6, 0.7000000000000001, 0.8, 0.9]},
  "K-10": {"y": [0.0, 0.0, 0.0, 0.0, 0.0, 0.0, 0.010000000000000009, 0.06000000000000005, 0.27], "x": [0.1, 0.2, 0.30000000000000004, 0.4, 0.5, 0.6, 0.7000000000000001, 0.8, 0.9]},
  "K-9": {"y": [0.0, 0.0, 0.0, 0.0, 0.0, 0.010000000000000009, 0.0, 0.13, 0.33999999999999997], "x": [0.1, 0.2, 0.30000000000000004, 0.4, 0.5, 0.6, 0.7000000000000001, 0.8, 0.9]},
  "K-8": {"y": [0.0, 0.0, 0.0, 0.0, 0.0, 0.020000000000000018, 0.050000000000000044, 0.12, 0.31000000000000005], "x": [0.1, 0.2, 0.30000000000000004, 0.4, 0.5, 0.6, 0.7000000000000001, 0.8, 0.9]},
  "K-2": {"y": [0.0, 0.030000000000000027, 0.040000000000000036, 0.07999999999999996, 0.08999999999999997, 0.24, 0.31999999999999995, 0.49, 0.73], "x": [0.1, 0.2, 0.30000000000000004, 0.4, 0.5, 0.6, 0.7000000000000001, 0.8, 0.9]},
  "K-1": {"y": [0.0, 0.06999999999999995, 0.08999999999999997, 0.17000000000000004, 0.26, 0.35, 0.5900000000000001, 0.5900000000000001, 0.86], "x": [0.1, 0.2, 0.30000000000000004, 0.4, 0.5, 0.6, 0.7000000000000001, 0.8, 0.9]},
  "K-3": {"y": [0.0, 0.010000000000000009, 0.0, 0.010000000000000009, 0.07999999999999996, 0.07999999999999996, 0.20999999999999996, 0.35, 0.63], "x": [0.1, 0.2, 0.30000000000000004, 0.4, 0.5, 0.6, 0.7000000000000001, 0.8, 0.9]},
  "K-5": {"y": [0.0, 0.0, 0.0, 0.0, 0.020000000000000018, 0.06000000000000005, 0.20999999999999996, 0.25, 0.6], "x": [0.1, 0.2, 0.30000000000000004, 0.4, 0.5, 0.6, 0.7000000000000001, 0.8, 0.9]}


  },
    "y-axis": "Liklihood of data loss", "x-axis": "Percentage of nodes removed", "title": "Underlay Kademlia K Nearest failure Likelihood", "target":"underlay_kad_nearest.png"}
