{"plots": {

  "K-2": {"y": [0.010000000000000009, 0.010000000000000009, 0.020000000000000018, 0.06000000000000005, 0.12, 0.19999999999999996, 0.33999999999999997, 0.5700000000000001, 0.6799999999999999], "x": [0.1, 0.2, 0.30000000000000004, 0.4, 0.5, 0.6, 0.7000000000000001, 0.8, 0.9]},
"K-9": {"y": [0.0, 0.0, 0.0, 0.0, 0.0, 0.010000000000000009, 0.040000000000000036, 0.17000000000000004, 0.38], "x": [0.1, 0.2, 0.30000000000000004, 0.4, 0.5, 0.6, 0.7000000000000001, 0.8, 0.9]},
"K-5": {"y": [0.0, 0.0, 0.0, 0.010000000000000009, 0.0, 0.08999999999999997, 0.13, 0.20999999999999996, 0.56], "x": [0.1, 0.2, 0.30000000000000004, 0.4, 0.5, 0.6, 0.7000000000000001, 0.8, 0.9]},
"K-7": {"y": [0.0, 0.0, 0.0, 0.0, 0.0, 0.010000000000000009, 0.06999999999999995, 0.15000000000000002, 0.36], "x": [0.1, 0.2, 0.30000000000000004, 0.4, 0.5, 0.6, 0.7000000000000001, 0.8, 0.9]},
"K-6": {"y": [0.0, 0.0, 0.0, 0.0, 0.030000000000000027, 0.040000000000000036, 0.07999999999999996, 0.19999999999999996, 0.39], "x": [0.1, 0.2, 0.30000000000000004, 0.4, 0.5, 0.6, 0.7000000000000001, 0.8, 0.9]},
"K-8": {"y": [0.0, 0.0, 0.0, 0.0, 0.0, 0.0, 0.050000000000000044, 0.13, 0.37], "x": [0.1, 0.2, 0.30000000000000004, 0.4, 0.5, 0.6, 0.7000000000000001, 0.8, 0.9]},
"K-3": {"y": [0.0, 0.0, 0.010000000000000009, 0.040000000000000036, 0.06000000000000005, 0.17000000000000004, 0.30000000000000004, 0.33999999999999997, 0.6699999999999999], "x": [0.1, 0.2, 0.30000000000000004, 0.4, 0.5, 0.6, 0.7000000000000001, 0.8, 0.9]},
"K-4": {"y": [0.0, 0.0, 0.010000000000000009, 0.010000000000000009, 0.050000000000000044, 0.06999999999999995, 0.19999999999999996, 0.35, 0.62], "x": [0.1, 0.2, 0.30000000000000004, 0.4, 0.5, 0.6, 0.7000000000000001, 0.8, 0.9]},
"K-1": {"y": [0.020000000000000018, 0.06999999999999995, 0.09999999999999998, 0.13, 0.27, 0.33999999999999997, 0.49, 0.61, 0.8], "x": [0.1, 0.2, 0.30000000000000004, 0.4, 0.5, 0.6, 0.7000000000000001, 0.8, 0.9]},
"K-10": {"y": [0.0, 0.0, 0.0, 0.0, 0.0, 0.0, 0.02, 0.09, 0.4], "x": [0.1, 0.2, 0.30000000000000004, 0.4, 0.5, 0.6, 0.7000000000000001, 0.8, 0.9]}



  },
    "y-axis": "Liklihood of data loss", "x-axis": "Percentage of nodes removed", "title": "Underlay Kademlia K Random failure Likelihood", "target":"underlay_kad_random.png"}
