{"plots": {
"K-7": {"y": [0.0, 0.0, 0.0, 0.0, 0.0, 0.0, 0.02, 0.12, 0.48], "x": [0.1, 0.2, 0.30000000000000004, 0.4, 0.5, 0.6, 0.7000000000000001, 0.8, 0.9]},
"K-2": {"y": [0.0, 0.0, 0.040000000000000036, 0.06000000000000005, 0.08999999999999997, 0.18999999999999995, 0.36, 0.47, 0.76], "x": [0.1, 0.2, 0.30000000000000004, 0.4, 0.5, 0.6, 0.7000000000000001, 0.8, 0.9]},
"K-4": {"y": [0.0, 0.0, 0.0, 0.010000000000000009, 0.06000000000000005, 0.08999999999999997, 0.13, 0.35, 0.53], "x": [0.1, 0.2, 0.30000000000000004, 0.4, 0.5, 0.6, 0.7000000000000001, 0.8, 0.9]},
"K-5": {"y": [0.0, 0.0, 0.0, 0.0, 0.010000000000000009, 0.030000000000000027, 0.09999999999999998, 0.15000000000000002, 0.55], "x": [0.1, 0.2, 0.30000000000000004, 0.4, 0.5, 0.6, 0.7000000000000001, 0.8, 0.9]},
"K-3": {"y": [0.0, 0.0, 0.0, 0.020000000000000018, 0.050000000000000044, 0.12, 0.30000000000000004, 0.43999999999999995, 0.6599999999999999], "x": [0.1, 0.2, 0.30000000000000004, 0.4, 0.5, 0.6, 0.7000000000000001, 0.8, 0.9]},
"K-9": {"y": [0.0, 0.0, 0.0, 0.0, 0.0, 0.0, 0.010000000000000009, 0.09999999999999998, 0.37], "x": [0.1, 0.2, 0.30000000000000004, 0.4, 0.5, 0.6, 0.7000000000000001, 0.8, 0.9]},
"K-1": {"y": [0.010000000000000009, 0.07999999999999996, 0.10999999999999999, 0.18999999999999995, 0.22999999999999998, 0.33999999999999997, 0.54, 0.6799999999999999, 0.83], "x": [0.1, 0.2, 0.30000000000000004, 0.4, 0.5, 0.6, 0.7000000000000001, 0.8, 0.9]},
"K-8": {"y": [0.0, 0.0, 0.0, 0.0, 0.0, 0.010000000000000009, 0.040000000000000036, 0.09999999999999998, 0.39], "x": [0.1, 0.2, 0.30000000000000004, 0.4, 0.5, 0.6, 0.7000000000000001, 0.8, 0.9]},
"K-6": {"y": [0.0, 0.0, 0.0, 0.0, 0.020000000000000018, 0.040000000000000036, 0.06999999999999995, 0.21999999999999997, 0.48], "x": [0.1, 0.2, 0.30000000000000004, 0.4, 0.5, 0.6, 0.7000000000000001, 0.8, 0.9]},
"K-10": {"y": [0.0, 0.0, 0.0, 0.0, 0.0, 0.0, 0.03, 0.08, 0.23], "x": [0.1, 0.2, 0.30000000000000004, 0.4, 0.5, 0.6, 0.7000000000000001, 0.8, 0.9]}

  },

    "y-axis": "Liklihood of data loss", "x-axis": "Percentage of nodes removed", "title": "Underlay Chord Random-K Failure Likelihood","target":"underlay_chord_random.png"}
