{"y-axis": "Liklihood of Partition", "x-axis": "Percentage of nodes removed", "plots": {"Chord Random K-7 Partition Chance": {"x": [0.1, 0.2, 0.30000000000000004, 0.4, 0.5, 0.6, 0.7000000000000001, 0.8, 0.9], "y": [1.0, 1.0, 1.0, 1.0, 0.98, 0.96, 0.93, 0.78, 0.52]}, "Kademlia Nearest K-3 Partition Chance": {"x": [0.1, 0.2, 0.30000000000000004, 0.4, 0.5, 0.6, 0.7000000000000001, 0.8, 0.9], "y": [1.0, 0.99, 1.0, 0.99, 0.92, 0.92, 0.79, 0.65, 0.37]}, "Chord Nearest K-5 Partition Chance": {"x": [0.1, 0.2, 0.30000000000000004, 0.4, 0.5, 0.6, 0.7000000000000001, 0.8, 0.9], "y": [1.0, 1.0, 1.0, 1.0, 1.0, 0.97, 0.89, 0.72, 0.47]}, "Chord Nearest K-1 Partition Chance": {"x": [0.1, 0.2, 0.30000000000000004, 0.4, 0.5, 0.6, 0.7000000000000001, 0.8, 0.9], "y": [0.98, 0.96, 0.91, 0.87, 0.67, 0.67, 0.53, 0.37, 0.25]}, "Kademlia Random K-8 Partition Chance": {"x": [0.1, 0.2, 0.30000000000000004, 0.4, 0.5, 0.6, 0.7000000000000001, 0.8, 0.9], "y": [1.0, 1.0, 1.0, 1.0, 1.0, 0.99, 0.93, 0.85, 0.64]}, "Chord Nearest K-9 Partition Chance": {"x": [0.1, 0.2, 0.30000000000000004, 0.4, 0.5, 0.6, 0.7000000000000001, 0.8, 0.9], "y": [1.0, 1.0, 1.0, 1.0, 1.0, 1.0, 0.99, 0.89, 0.68]}, "Kademlia Random K-2 Partition Chance": {"x": [0.1, 0.2, 0.30000000000000004, 0.4, 0.5, 0.6, 0.7000000000000001, 0.8, 0.9], "y": [0.98, 0.93, 0.9, 0.87, 0.73, 0.66, 0.51, 0.39, 0.2]}, "Chord Random K-1 Partition Chance": {"x": [0.1, 0.2, 0.30000000000000004, 0.4, 0.5, 0.6, 0.7000000000000001, 0.8, 0.9], "y": [0.88, 0.85, 0.67, 0.67, 0.49, 0.37, 0.29, 0.16, 0.13]}, "Kademlia Nearest K-8 Partition Chance": {"x": [0.1, 0.2, 0.30000000000000004, 0.4, 0.5, 0.6, 0.7000000000000001, 0.8, 0.9], "y": [1.0, 1.0, 1.0, 1.0, 1.0, 0.98, 0.95, 0.88, 0.69]}, "Chord Random K-2 Partition Chance": {"x": [0.1, 0.2, 0.30000000000000004, 0.4, 0.5, 0.6, 0.7000000000000001, 0.8, 0.9], "y": [0.99, 0.92, 0.89, 0.81, 0.77, 0.66, 0.46, 0.32, 0.17]}, "Kademlia Random K-4 Partition Chance": {"x": [0.1, 0.2, 0.30000000000000004, 0.4, 0.5, 0.6, 0.7000000000000001, 0.8, 0.9], "y": [1.0, 1.0, 0.99, 0.96, 0.94, 0.83, 0.7, 0.66, 0.33]}, "Chord Random K-4 Partition Chance": {"x": [0.1, 0.2, 0.30000000000000004, 0.4, 0.5, 0.6, 0.7000000000000001, 0.8, 0.9], "y": [1.0, 1.0, 1.0, 0.98, 0.95, 0.88, 0.7, 0.56, 0.34]}, "Kademlia Nearest K-7 Partition Chance": {"x": [0.1, 0.2, 0.30000000000000004, 0.4, 0.5, 0.6, 0.7000000000000001, 0.8, 0.9], "y": [1.0, 1.0, 1.0, 0.99, 1.0, 0.99, 0.94, 0.82, 0.43]}, "Kademlia Random K-10 Partition Chance": {"x": [0.1, 0.2, 0.30000000000000004, 0.4, 0.5, 0.6, 0.7000000000000001, 0.8, 0.9], "y": [1.0, 1.0, 1.0, 1.0, 1.0, 0.99, 0.96, 0.83, 0.62]}, "Chord Nearest K-4 Partition Chance": {"x": [0.1, 0.2, 0.30000000000000004, 0.4, 0.5, 0.6, 0.7000000000000001, 0.8, 0.9], "y": [1.0, 1.0, 0.99, 0.98, 0.99, 0.91, 0.8, 0.67, 0.51]}, "Chord Nearest K-3 Partition Chance": {"x": [0.1, 0.2, 0.30000000000000004, 0.4, 0.5, 0.6, 0.7000000000000001, 0.8, 0.9], "y": [1.0, 0.99, 0.99, 1.0, 0.94, 0.87, 0.73, 0.59, 0.28]}, "Chord Random K-8 Partition Chance": {"x": [0.1, 0.2, 0.30000000000000004, 0.4, 0.5, 0.6, 0.7000000000000001, 0.8, 0.9], "y": [1.0, 1.0, 1.0, 1.0, 1.0, 1.0, 0.98, 0.88, 0.52]}, "Kademlia Random K-1 Partition Chance": {"x": [0.1, 0.2, 0.30000000000000004, 0.4, 0.5, 0.6, 0.7000000000000001, 0.8, 0.9], "y": [0.88, 0.82, 0.71, 0.6, 0.58, 0.46, 0.29, 0.2, 0.08]}, "Chord Nearest K-8 Partition Chance": {"x": [0.1, 0.2, 0.30000000000000004, 0.4, 0.5, 0.6, 0.7000000000000001, 0.8, 0.9], "y": [1.0, 1.0, 1.0, 1.0, 0.99, 0.99, 0.95, 0.88, 0.6]}, "Kademlia Nearest K-5 Partition Chance": {"x": [0.1, 0.2, 0.30000000000000004, 0.4, 0.5, 0.6, 0.7000000000000001, 0.8, 0.9], "y": [1.0, 1.0, 1.0, 1.0, 0.98, 0.94, 0.79, 0.75, 0.4]}, "Chord Random K-9 Partition Chance": {"x": [0.1, 0.2, 0.30000000000000004, 0.4, 0.5, 0.6, 0.7000000000000001, 0.8, 0.9], "y": [1.0, 1.0, 1.0, 1.0, 1.0, 0.99, 0.96, 0.9, 0.61]}, "Chord Random K-5 Partition Chance": {"x": [0.1, 0.2, 0.30000000000000004, 0.4, 0.5, 0.6, 0.7000000000000001, 0.8, 0.9], "y": [1.0, 1.0, 1.0, 0.99, 0.94, 0.91, 0.87, 0.65, 0.47]}, "Kademlia Random K-9 Partition Chance": {"x": [0.1, 0.2, 0.30000000000000004, 0.4, 0.5, 0.6, 0.7000000000000001, 0.8, 0.9], "y": [1.0, 1.0, 1.0, 1.0, 1.0, 1.0, 0.95, 0.87, 0.63]}, "Chord Random K-10 Partition Chance": {"x": [0.1, 0.2, 0.30000000000000004, 0.4, 0.5, 0.6, 0.7000000000000001, 0.8, 0.9], "y": [1.0, 1.0, 1.0, 1.0, 1.0, 1.0, 0.99, 0.9, 0.63]}, "Chord Nearest K-10 Partition Chance": {"x": [0.1, 0.2, 0.30000000000000004, 0.4, 0.5, 0.6, 0.7000000000000001, 0.8, 0.9], "y": [1.0, 1.0, 1.0, 1.0, 1.0, 0.98, 0.98, 0.92, 0.69]}, "Kademlia Nearest K-1 Partition Chance": {"x": [0.1, 0.2, 0.30000000000000004, 0.4, 0.5, 0.6, 0.7000000000000001, 0.8, 0.9], "y": [1.0, 0.93, 0.91, 0.83, 0.74, 0.65, 0.41, 0.41, 0.14]}, "Chord Nearest K-2 Partition Chance": {"x": [0.1, 0.2, 0.30000000000000004, 0.4, 0.5, 0.6, 0.7000000000000001, 0.8, 0.9], "y": [1.0, 1.0, 0.97, 0.96, 0.87, 0.7, 0.63, 0.46, 0.28]}, "Kademlia Nearest K-9 Partition Chance": {"x": [0.1, 0.2, 0.30000000000000004, 0.4, 0.5, 0.6, 0.7000000000000001, 0.8, 0.9], "y": [1.0, 1.0, 1.0, 1.0, 1.0, 0.99, 1.0, 0.87, 0.66]}, "Chord Random K-3 Partition Chance": {"x": [0.1, 0.2, 0.30000000000000004, 0.4, 0.5, 0.6, 0.7000000000000001, 0.8, 0.9], "y": [1.0, 1.0, 0.96, 0.94, 0.91, 0.81, 0.64, 0.53, 0.24]}, "Kademlia Nearest K-10 Partition Chance": {"x": [0.1, 0.2, 0.30000000000000004, 0.4, 0.5, 0.6, 0.7000000000000001, 0.8, 0.9], "y": [1.0, 1.0, 1.0, 1.0, 1.0, 1.0, 0.99, 0.94, 0.73]}, "Chord Nearest K-6 Partition Chance": {"x": [0.1, 0.2, 0.30000000000000004, 0.4, 0.5, 0.6, 0.7000000000000001, 0.8, 0.9], "y": [1.0, 1.0, 1.0, 1.0, 0.99, 0.97, 0.91, 0.78, 0.51]}, "Kademlia Nearest K-4 Partition Chance": {"x": [0.1, 0.2, 0.30000000000000004, 0.4, 0.5, 0.6, 0.7000000000000001, 0.8, 0.9], "y": [1.0, 1.0, 1.0, 1.0, 0.99, 0.91, 0.8, 0.67, 0.35]}, "Kademlia Random K-7 Partition Chance": {"x": [0.1, 0.2, 0.30000000000000004, 0.4, 0.5, 0.6, 0.7000000000000001, 0.8, 0.9], "y": [1.0, 1.0, 1.0, 1.0, 0.97, 0.96, 0.92, 0.8, 0.61]}, "Kademlia Nearest K-2 Partition Chance": {"x": [0.1, 0.2, 0.30000000000000004, 0.4, 0.5, 0.6, 0.7000000000000001, 0.8, 0.9], "y": [1.0, 0.97, 0.96, 0.92, 0.91, 0.76, 0.68, 0.51, 0.27]}, "Kademlia Nearest K-6 Partition Chance": {"x": [0.1, 0.2, 0.30000000000000004, 0.4, 0.5, 0.6, 0.7000000000000001, 0.8, 0.9], "y": [1.0, 1.0, 1.0, 1.0, 0.98, 0.95, 0.89, 0.74, 0.6]}, "Kademlia Random K-3 Partition Chance": {"x": [0.1, 0.2, 0.30000000000000004, 0.4, 0.5, 0.6, 0.7000000000000001, 0.8, 0.9], "y": [0.99, 0.99, 0.98, 0.94, 0.88, 0.8, 0.66, 0.43, 0.32]}, "Kademlia Random K-5 Partition Chance": {"x": [0.1, 0.2, 0.30000000000000004, 0.4, 0.5, 0.6, 0.7000000000000001, 0.8, 0.9], "y": [1.0, 1.0, 0.99, 0.99, 0.95, 0.93, 0.8, 0.65, 0.38]}, "Kademlia Random K-6 Partition Chance": {"x": [0.1, 0.2, 0.30000000000000004, 0.4, 0.5, 0.6, 0.7000000000000001, 0.8, 0.9], "y": [1.0, 1.0, 1.0, 0.99, 1.0, 0.91, 0.87, 0.79, 0.44]}, "Chord Nearest K-7 Partition Chance": {"x": [0.1, 0.2, 0.30000000000000004, 0.4, 0.5, 0.6, 0.7000000000000001, 0.8, 0.9], "y": [1.0, 1.0, 1.0, 1.0, 1.0, 0.99, 0.95, 0.78, 0.48]}, "Chord Random K-6 Partition Chance": {"x": [0.1, 0.2, 0.30000000000000004, 0.4, 0.5, 0.6, 0.7000000000000001, 0.8, 0.9], "y": [1.0, 1.0, 1.0, 1.0, 0.99, 0.97, 0.9, 0.85, 0.45]}}, "title": "Underlay Partition Chance"}