{"plots": {
  "K-9": {"y": [0.0, 0.0, 0.0, 0.0, 0.0, 0.0, 0.010000000000000009, 0.10999999999999999, 0.31999999999999995], "x": [0.1, 0.2, 0.30000000000000004, 0.4, 0.5, 0.6, 0.7000000000000001, 0.8, 0.9]},
  "K-10": {"y": [0.0, 0.0, 0.0, 0.0, 0.0, 0.020000000000000018, 0.020000000000000018, 0.07999999999999996, 0.31000000000000005], "x": [0.1, 0.2, 0.30000000000000004, 0.4, 0.5, 0.6, 0.7000000000000001, 0.8, 0.9]},
  "K-4": {"y": [0.0, 0.0, 0.010000000000000009, 0.020000000000000018, 0.010000000000000009, 0.08999999999999997, 0.19999999999999996, 0.32999999999999996, 0.49], "x": [0.1, 0.2, 0.30000000000000004, 0.4, 0.5, 0.6, 0.7000000000000001, 0.8, 0.9]},
  "K-6": {"y": [0.0, 0.0, 0.0, 0.0, 0.010000000000000009, 0.030000000000000027, 0.08999999999999997, 0.21999999999999997, 0.49], "x": [0.1, 0.2, 0.30000000000000004, 0.4, 0.5, 0.6, 0.7000000000000001, 0.8, 0.9]},
  "K-2": {"y": [0.0, 0.0, 0.030000000000000027, 0.040000000000000036, 0.13, 0.30000000000000004, 0.37, 0.54, 0.72], "x": [0.1, 0.2, 0.30000000000000004, 0.4, 0.5, 0.6, 0.7000000000000001, 0.8, 0.9]},
  "K-5": {"y": [0.0, 0.0, 0.0, 0.0, 0.0, 0.030000000000000027, 0.10999999999999999, 0.28, 0.53], "x": [0.1, 0.2, 0.30000000000000004, 0.4, 0.5, 0.6, 0.7000000000000001, 0.8, 0.9]},
  "K-8": {"y": [0.0, 0.0, 0.0, 0.0, 0.010000000000000009, 0.010000000000000009, 0.050000000000000044, 0.12, 0.4], "x": [0.1, 0.2, 0.30000000000000004, 0.4, 0.5, 0.6, 0.7000000000000001, 0.8, 0.9]},
  "K-7": {"y": [0.0, 0.0, 0.0, 0.0, 0.0, 0.010000000000000009, 0.050000000000000044, 0.21999999999999997, 0.52], "x": [0.1, 0.2, 0.30000000000000004, 0.4, 0.5, 0.6, 0.7000000000000001, 0.8, 0.9]},
  "K-3": {"y": [0.0, 0.010000000000000009, 0.010000000000000009, 0.0, 0.06000000000000005, 0.13, 0.27, 0.41000000000000003, 0.72], "x": [0.1, 0.2, 0.30000000000000004, 0.4, 0.5, 0.6, 0.7000000000000001, 0.8, 0.9]},
  "K-1": {"y": [0.020000000000000018, 0.040000000000000036, 0.08999999999999997, 0.13, 0.32999999999999996, 0.32999999999999996, 0.47, 0.63, 0.75], "x": [0.1, 0.2, 0.30000000000000004, 0.4, 0.5, 0.6, 0.7000000000000001, 0.8, 0.9]}


  },
    "y-axis": "Liklihood of data loss", "x-axis": "Percentage of nodes removed", "title": "Underlay Chord K Nearest failure Likelihood", "target":"underlay_kad_nearest.png"}
